{
	"scenarioId": "LeadToCash",
	"scenarioName": "Lead to Cash",
	"scenarioDescription": "",
	"instancesLabel": "Orders",
	"instanceLabel": "Order",
	"processDefinitions": [
		{
			"id": "L2C",
			"name": "Lead to Cash",
			"type": "Observed"
		}
	],
	"events": [
		{
			"id": "L2C_LEAD_CREATED",
			"eventType": "LEAD_CREATED",
			"processDefinitionId": "L2C",
			"eventName": "Lead Created"
		},
		{
			"id": "L2C_LEAD_APPROVED",
			"eventType": "LEAD_APPROVED",
			"processDefinitionId": "L2C",
			"eventName": "Lead Approved"
		},
		{
			"id": "L2C_LEAD_CANCELLED",
			"eventType": "LEAD_CANCELLED",
			"processDefinitionId": "L2C",
			"eventName": "Lead Cancelled"
		},
		{
			"id": "L2C_LEAD_CONVERTED",
			"eventType": "LEAD_CONVERTED",
			"processDefinitionId": "L2C",
			"eventName": "Lead Converted"
		},
		{
			"id": "L2C_LEAD_UPDATED",
			"eventType": "LEAD_UPDATED",
			"processDefinitionId": "L2C",
			"eventName": "Lead Updated"
		},
		{
			"id": "L2C_LEAD_ASSIGNED",
			"eventType": "SALES_REP_ASSIGNED",
			"processDefinitionId": "L2C",
			"eventName": "Sales Representative Assigned"
		},
		{
			"id": "L2C_LEAD_APPROVED_OVERDUE",
			"eventType": "LEAD_APPROVAL_OVERDUE",
			"processDefinitionId": "L2C",
			"eventName": "Lead Approval Overdue"
		}
	],
	"scenarioLifeCycleConfiguration": {
		"endEvents": [
			"L2C_LEAD_CONVERTED"
		],
		"abruptEndEvents": [
			"L2C_LEAD_CANCELLED"
		]
	},
	"scenarioStatusDefinitions": [
		{
			"id": "CRITICAL",
			"name": "Critical",
			"priority": 1,
			"type": "CRITICAL",
			"subStatusDefinitions": [
				{
					"id": "leadApprovalOverdue",
					"name": "Lead Approval Overdue",
					"priority": 1,
					"type": "EXPRESSION_BASED",
					"expressionDefinition": {
						"expressionTemplate": "IS_LATEST_OCCURRED_EVENT",
						"expression": {
							"sourceEvent": [
								"L2C_LEAD_APPROVED_OVERDUE"
							]
						}
					}
				}
			]
		},
		{
			"id": "AT_RISK",
			"name": "At Risk",
			"priority": 2,
			"type": "AT_RISK",
			"subStatusDefinitions": [
				{
					"id": "salesRepnotAssigned",
					"name": "Sales Rep not Assigned",
					"priority": 1,
					"type": "EXPRESSION_BASED",
					"expressionDefinition": {
						"expressionTemplate": "EVENTA_AND_NOT_EVENTB",
						"expression": {
							"eventA": "L2C_LEAD_APPROVED",
							"eventB": "L2C_LEAD_ASSIGNED"
						}
					}
				}
			]
		},
		{
			"id": "ON_TRACK",
			"name": "On Track",
			"priority": 3,
			"type": "ON_TRACK",
			"subStatusDefinitions": [
				{
					"id": "IN_PROGRESS",
					"name": "On Time",
					"priority": 1,
					"type": "IN_PROGRESS"
				}
			]
		},
		{
			"id": "COMPLETED_WITHOUT_VIOLATIONS",
			"name": "Completed without violations",
			"priority": 5,
			"type": "COMPLETED_WITHOUT_VIOLATIONS",
			"subStatusDefinitions": [
				{
					"id": "COMPLETED",
					"name": "Completed",
					"priority": 1,
					"type": "COMPLETED"
				}
			]
		}
	],
	"correlation": [],
	"scenarioStateDefinitions": [
		{
			"id": "OPEN",
			"name": "Open"
		},
		{
			"id": "COMPLETED",
			"name": "Completed"
		},
		{
			"id": "ABRUPTEND",
			"name": "Abruptly Ended"
		}
	],
	"attributes": {
		"context": [
			{
				"id": "LeadName",
				"processDefinitionId": "L2C",
				"attributePath": "leadName",
				"attributeName": "Lead Name",
				"aggregationRole": "DIMENSION",
				"aggregationType": null,
				"referencedAttributes": null,
				"dataType": "String"
			},
			{
				"id": "LeadCategory",
				"processDefinitionId": "L2C",
				"attributePath": "leadCategory",
				"attributeName": "Lead Category",
				"aggregationRole": "DIMENSION",
				"aggregationType": null,
				"referencedAttributes": null,
				"dataType": "String"
			},
			{
				"id": "Country",
				"processDefinitionId": "L2C",
				"attributePath": "country",
				"attributeName": "Country",
				"aggregationRole": "DIMENSION",
				"aggregationType": null,
				"referencedAttributes": null,
				"dataType": "String"
			},
			{
				"id": "OrderValue",
				"processDefinitionId": "L2C",
				"attributePath": "orderValue",
				"attributeName": "Order Value",
				"aggregationRole": "MEASURE",
				"aggregationType": "SUM",
				"referencedAttributes": null,
				"dataType": "Double",
				"unitDefinition": {
					"type": "CONSTANT",
					"unit": {
						"value": "EUR"
					}
				}
			}
		],
		"default": [
			{
				"id": "SC_State",
				"processDefinitionId": null,
				"attributePath": "state",
				"attributeName": "State",
				"aggregationRole": "DIMENSION",
				"aggregationType": null,
				"referencedAttributes": null,
				"dataType": "String"
			},
			{
				"id": "SC_Status",
				"processDefinitionId": null,
				"attributePath": "status",
				"attributeName": "Status",
				"aggregationRole": "DIMENSION",
				"aggregationType": null,
				"referencedAttributes": [
					"SC_State",
					"SC_Start_Time",
					"SC_End_Time",
					"SC_Elapsed_Time"
				],
				"dataType": "String"
			},
			{
				"id": "SC_SubStatus",
				"processDefinitionId": null,
				"attributePath": "subStatus",
				"attributeName": "SubStatus",
				"aggregationRole": "DIMENSION",
				"aggregationType": null,
				"referencedAttributes": [
					"SC_State",
					"SC_Start_Time",
					"SC_End_Time",
					"SC_Elapsed_Time"
				],
				"dataType": "String"
			},
			{
				"id": "SC_Number_Of_Instances",
				"processDefinitionId": null,
				"attributePath": "noOfInstances",
				"attributeName": "Number of Instances",
				"aggregationRole": "MEASURE",
				"aggregationType": "SUM",
				"referencedAttributes": null,
				"dataType": "Integer"
			},
			{
				"id": "SC_Start_Time",
				"processDefinitionId": null,
				"attributePath": "startTime",
				"attributeName": "Start Time",
				"aggregationRole": "DIMENSION",
				"aggregationType": null,
				"referencedAttributes": null,
				"dataType": "Timestamp"
			},
			{
				"id": "SC_End_Time",
				"processDefinitionId": null,
				"attributePath": "endTime",
				"attributeName": "End Time",
				"aggregationRole": "DIMENSION",
				"aggregationType": null,
				"referencedAttributes": null,
				"dataType": "Timestamp"
			},
			{
				"id": "SC_Elapsed_Time",
				"processDefinitionId": null,
				"attributePath": "elapsedTime",
				"attributeName": "Elapsed Time",
				"aggregationRole": "MEASURE",
				"aggregationType": "AVG",
				"referencedAttributes": [
					"SC_Start_Time",
					"SC_End_Time"
				],
				"dataType": "Duration",
				"unitDefinition": {
					"type": "CONSTANT",
					"unit": {
						"value": "Days"
					}
				}
			},
			{
				"id": "SC_Target_Time",
				"processDefinitionId": null,
				"attributePath": "targetTime",
				"attributeName": "Target Time",
				"aggregationRole": "DIMENSION",
				"aggregationType": null,
				"referencedAttributes": [
					"SC_Start_Time"
				],
				"dataType": "Timestamp"
			},
			{
				"id": "SC_Threshold_Time",
				"processDefinitionId": null,
				"attributePath": "thresholdTime",
				"attributeName": "Threshold Time",
				"aggregationRole": "DIMENSION",
				"aggregationType": null,
				"referencedAttributes": [
					"SC_Start_Time"
				],
				"dataType": "Timestamp"
			},
			{
				"id": "SC_Active_Phases",
				"processDefinitionId": null,
				"attributePath": "activePhases",
				"attributeName": "Active Phases",
				"aggregationRole": "DIMENSION",
				"aggregationType": null,
				"referencedAttributes": null,
				"dataType": "String"
			}
		],
		"calculated": [
			{
				"id": "Nooftimesaleadisupdated",
				"processDefinitionId": null,
				"attributePath": "Nooftimesaleadisupdated",
				"attributeName": "No of times a lead is updated",
				"aggregationRole": "MEASURE",
				"aggregationType": "SUM",
				"referencedAttributes": null,
				"dataType": "Integer",
				"expressionDefinition": {
					"expressionTemplate": "IS_EVENT_OCCURRED",
					"expression": {
						"sourceEvent": "L2C_LEAD_UPDATED"
					}
				}
			},
			{
				"id": "Nooftimesleadapprovalisoverdue",
				"processDefinitionId": null,
				"attributePath": "Nooftimesleadapprovalisoverdue",
				"attributeName": "No of times lead approval is overdue",
				"aggregationRole": "MEASURE",
				"aggregationType": "SUM",
				"referencedAttributes": null,
				"dataType": "Duration",
				"expressionDefinition": {
					"expressionTemplate": "IS_EVENT_OCCURRED",
					"expression": {
						"sourceEvent": "L2C_LEAD_ASSIGNED"
					}
				}
			},
			{
				"id": "LeadUpdated",
				"processDefinitionId": null,
				"attributePath": "LeadUpdated",
				"attributeName": "Lead Updated",
				"aggregationRole": "MEASURE",
				"aggregationType": "SUM",
				"referencedAttributes": null,
				"dataType": "Integer",
				"expressionDefinition": {
					"expressionTemplate": "IS_EVENT_OCCURRED",
					"expression": {
						"sourceEvent": "L2C_LEAD_UPDATED"
					}
				}
			}
		]
	},
	"phases": [
		{
			"id": "CreateLead",
			"name": "Create Lead",
			"order": 1,
			"lifeCycleConfiguration": {
				"startEvents": [
					"L2C_LEAD_CREATED",
					"L2C_LEAD_CREATED",
					"L2C_LEAD_CREATED",
					"L2C_LEAD_CREATED"
				],
				"endEvents": [
					"L2C_LEAD_APPROVED",
					"L2C_LEAD_APPROVED",
					"L2C_LEAD_APPROVED",
					"L2C_LEAD_APPROVED"
				]
			}
		},
		{
			"id": "ConvertLead",
			"name": "Convert Lead",
			"order": 2,
			"lifeCycleConfiguration": {
				"startEvents": [
					"L2C_LEAD_APPROVED"
				],
				"endEvents": [
					"L2C_LEAD_CONVERTED"
				]
			}
		}
	],
	"uiConfiguration": {
		"attributes": [
			{
				"id": "SC_Status",
				"showInListView": true,
				"order": 1
			},
			{
				"id": "LeadName",
				"showInListView": true,
				"order": 2
			},
			{
				"id": "LeadCategory",
				"showInListView": true,
				"order": 3
			},
			{
				"id": "Country",
				"showInListView": true,
				"order": 4
			},
			{
				"id": "OrderValue",
				"showInListView": true,
				"order": 5
			},
			{
				"id": "SC_Start_Time",
				"showInListView": true,
				"order": 6
			}
		],
		"ppis": [
			{
				"id": "OpenLeadsByStatus",
				"title": "Open Leads",
				"subTitle": "by Status",
				"measure": "SC_Number_Of_Instances",
				"dimensions": [
					"SC_Status"
				],
				"cardType": "LIST",
				"chartType": "BAR",
				"filter": [
					{
						"attribute": "SC_State",
						"operator": "EQ",
						"value": "Open"
					}
				]
			},
			{
				"id": "OpenLeadsByPhase",
				"title": "Open Leads",
				"subTitle": "by Phase",
				"measure": "SC_Number_Of_Instances",
				"dimensions": [
					"SC_Active_Phases"
				],
				"cardType": "LIST",
				"chartType": "BAR",
				"filter": [
					{
						"attribute": "SC_State",
						"operator": "EQ",
						"value": "Open"
					}
				]
			},
			{
				"id": "CycleTimeByCategory",
				"title": "Cycle Time",
				"subTitle": "by Category",
				"measure": "SC_Elapsed_Time",
				"dimensions": [
					"LeadCategory"
				],
				"cardType": "ANALYTICAL",
				"chartType": "DONUT",
				"filter": [
					{
						"attribute": "SC_State",
						"operator": "NE",
						"value": "Open"
					}
				]
			},
			{
				"id": "OpenLeadsBySubStatus",
				"title": "Open Leads",
				"subTitle": "by SubStatus",
				"measure": "SC_Number_Of_Instances",
				"dimensions": [
					"SC_SubStatus"
				],
				"cardType": "LIST",
				"chartType": "BAR",
				"filter": [
					{
						"attribute": "SC_State",
						"operator": "EQ",
						"value": "Open"
					}
				]
			},
			{
				"id": "CancelledLeads",
				"title": "Cancelled Leads",
				"subTitle": "",
				"measure": "SC_Number_Of_Instances",
				"cardType": "ANALYTICAL",
				"filter": [
					{
						"attribute": "SC_State",
						"operator": "EQ",
						"value": "Abruptly Ended"
					}
				]
			},
			{
				"id": "OrderValueatRisk",
				"title": "Order Value at Risk",
				"subTitle": "",
				"measure": "OrderValue",
				"cardType": "ANALYTICAL",
				"filter": [
					{
						"attribute": "SC_Status",
						"operator": "EQ",
						"value": "At Risk"
					},
					{
						"attribute": "SC_Status",
						"operator": "EQ",
						"value": "Critical"
					}
				]
			},
			{
				"id": "LostOrderValue",
				"title": "Lost Order Value",
				"subTitle": "",
				"measure": "OrderValue",
				"cardType": "ANALYTICAL",
				"filter": [
					{
						"attribute": "SC_State",
						"operator": "EQ",
						"value": "Abruptly Ended"
					}
				]
			},
			{
				"id": "OrderswithLeadUpdates",
				"title": "Orders with Lead Updates",
				"subTitle": "",
				"measure": "LeadUpdated",
				"cardType": "ANALYTICAL",
				"filter": [
					{
						"attribute": "LeadUpdated",
						"operator": "EQ",
						"value": "1"
					},
					{
						"attribute": "SC_State",
						"operator": "EQ",
						"value": "OPEN"
					}
				]
			}
		]
	}
}