{
	"_version": "3.0.0",
	"identification": {
		"id": "cff40083-bf0b-49c1-9c00-3663502d96c1-1566287376533",
		"entityType": "bundle"
	},
	"payload": {
		"catalogs": [{
			"_version": "3.0.0",
			"identification": {
				"id": "defaultCatalogId",
				"title": "{{title}}",
				"entityType": "catalog",
				"i18n": "i18n/defaultCatalogId.properties"
			},
			"payload": {
				"viz": [
					{  
					   "id":"sap.pv.instances",
					   "vizId":"pv-showInstances"
					}				
				]
			}
		}],
		"groups": [{
			"_version": "3.0.0",
			"identification": {
				"id": "defaultGroupId",
				"title": "{{title}}",
				"entityType": "group",
				"i18n": "i18n/defaultGroupId.properties"
			},
			"payload": {
				"viz": [{
					"id": "sap.pv.configurescenarios-0-1566289665962",
					"appId": "sap.pv.configurescenarios",
					"vizId": "pv-configurescenarios"
				}, {
					"id": "sap.pv.monitorscenarios-1-1566289665962",
					"appId": "sap.pv.monitorscenarios",
					"vizId": "pv-monitorscenarios"
				}, {
					"id": "sap.pv.eventacquisition-2-1566289665962",
					"appId": "sap.pv.eventacquisition",
					"vizId": "pv-eventacquisition"
				}]
			}
		}],
		"sites": [{
			"_version": "3.0.0",
			"identification": {
				"id": "91c24dea-29b1-4399-8274-8298e5dd4d7b-1566287376533",
				"entityType": "site",
				"title": "SAP Fiori launchpad site on Cloud Foundry",
				"description": "SAP Fiori launchpad site on Cloud Foundry, deployed from SAP Web IDE"
			},
			"payload": {
				"config": {
					"ushellConfig": {
						"renderers": {
							"fiori2": {
								"componentData": {
									"config": {
										"applications": {
											"Shell-home": {}
										}
									}
								}
							}
						}
					}
				},
				"groupsOrder": ["defaultGroupId"],
				"sap.cloud.portal": {
					"config": {
						"theme.id": "sap_fiori_3",
						"theme.active": ["sap_fiori_3", "sap_belize_hcb", "sap_belize_hcw"]
					}
				}
			}
		}]
	}
}