{
   "scenarioId": "EmployeeOnboarding",
   "scenarioName": "Employee Onboarding",
   "scenarioDescription": "",
   "instancesLabel": "Onboardees",
   "instanceLabel": "Onboardee",
   "processDefinitions": [
      {
         "id": "onboard",
         "name": "onboard",
         "type": "Workflow"
      }
   ],
   "events": [
      {
         "id": "onboard_startevent1_TO.Workflow.Started_1",
         "eventType": "TO.Workflow.Started",
         "activityDefinitionId": "startevent1",
         "processDefinitionId": "onboard",
         "activityType": "StartEvent",
         "activityDefinitionName": "StartEvent1",
         "eventName": "Started"
      },
      {
         "id": "onboard_usertask1_TO.Workflow.TaskCreated_1",
         "eventType": "TO.Workflow.TaskCreated",
         "activityDefinitionId": "usertask1",
         "processDefinitionId": "onboard",
         "activityType": "UserTask",
         "activityDefinitionName": "Change or Confirm equipment",
         "eventName": "Confirm Equipment Created"
      },
      {
         "id": "onboard_usertask1_TO.Workflow.TaskCompleted_1",
         "eventType": "TO.Workflow.TaskCompleted",
         "activityDefinitionId": "usertask1",
         "processDefinitionId": "onboard",
         "activityType": "UserTask",
         "activityDefinitionName": "Change or Confirm equipment",
         "eventName": "Confirm Equipment Completed"
      },
      {
         "id": "onboard_usertask2_TO.Workflow.TaskCreated_1",
         "eventType": "TO.Workflow.TaskCreated",
         "activityDefinitionId": "usertask2",
         "processDefinitionId": "onboard",
         "activityType": "UserTask",
         "activityDefinitionName": "Approve Equipment",
         "eventName": "Approve Equipment Created"
      },
      {
         "id": "onboard_usertask2_TO.Workflow.TaskCompleted_1",
         "eventType": "TO.Workflow.TaskCompleted",
         "activityDefinitionId": "usertask2",
         "processDefinitionId": "onboard",
         "activityType": "UserTask",
         "activityDefinitionName": "Approve Equipment",
         "eventName": "Approve Equipment Completed"
      },
      {
         "id": "onboard_usertask3_TO.Workflow.TaskCreated_1",
         "eventType": "TO.Workflow.TaskCreated",
         "activityDefinitionId": "usertask3",
         "processDefinitionId": "onboard",
         "activityType": "UserTask",
         "activityDefinitionName": "Accept workplace for new hire",
         "eventName": "Accept workplace for new hire created"
      },
      {
         "id": "onboard_usertask3_TO.Workflow.TaskCompleted_1",
         "eventType": "TO.Workflow.TaskCompleted",
         "activityDefinitionId": "usertask3",
         "processDefinitionId": "onboard",
         "activityType": "UserTask",
         "activityDefinitionName": "Accept workplace for new hire",
         "eventName": "Accept workplace for new hire completed"
      },
      {
         "id": "onboard_TO.Workflow.Canceled_1",
         "eventType": "TO.Workflow.Canceled",
         "activityDefinitionId": "",
         "processDefinitionId": "onboard",
         "eventName": "Cancelled"
      },
      {
         "id": "onboard_TO.Workflow.Suspended_1",
         "eventType": "TO.Workflow.Suspended",
         "activityDefinitionId": "",
         "processDefinitionId": "onboard",
         "eventName": "Suspended"
      },
      {
         "id": "onboard_TO.Workflow.Resumed_1",
         "eventType": "TO.Workflow.Resumed",
         "activityDefinitionId": "",
         "processDefinitionId": "onboard",
         "eventName": "Resumed"
      },
      {
         "id": "onboard_endevent1_TO.Workflow.Completed_1",
         "eventType": "TO.Workflow.Completed",
         "activityDefinitionId": "endevent1",
         "processDefinitionId": "onboard",
         "activityType": "EndEvent",
         "activityDefinitionName": "EndEvent1",
         "eventName": "Completed"
      }
   ],
   "scenarioLifeCycleConfiguration": {
      "endEvents": [
         "onboard_endevent1_TO.Workflow.Completed_1"
      ],
      "abruptEndEvents": [
         "onboard_TO.Workflow.Canceled_1"
      ]
   },
   "scenarioStatusDefinitions": [
      {
         "id": "CRITICAL",
         "name": "Critical",
         "priority": 1,
         "type": "CRITICAL",
         "subStatusDefinitions": [
            {
               "id": "WORKFLOW_FAILED",
               "name": "Workflow Failed",
               "priority": 1,
               "type": "WORKFLOW_FAILED"
            },
            {
               "id": "WORKFLOW_SUSPENDED",
               "name": "Workflow Suspended",
               "priority": 2,
               "type": "EXPRESSION_BASED",
               "expressionDefinition": {
                  "expressionTemplate": "IS_LATEST_OCCURRED_EVENT",
                  "expression": {
                     "sourceEvent": [
                        "onboard_TO.Workflow.Suspended_1"
                     ]
                  }
               }
            },
            {
               "id": "OVERDUE",
               "name": "Overdue",
               "priority": 3,
               "type": "OVERDUE"
            }
         ]
      },
      {
         "id": "AT_RISK",
         "name": "At Risk",
         "priority": 2,
         "type": "AT_RISK",
         "subStatusDefinitions": [
            {
               "id": "THRESHOLD_VIOLATION",
               "name": "Threshold Violation",
               "priority": 1,
               "type": "THRESHOLD_VIOLATION"
            }
         ]
      },
      {
         "id": "ON_TRACK",
         "name": "On Track",
         "priority": 3,
         "type": "ON_TRACK",
         "subStatusDefinitions": [
            {
               "id": "IN_PROGRESS",
               "name": "On Time",
               "priority": 1,
               "type": "IN_PROGRESS"
            }
         ]
      },
      {
         "id": "COMPLETED_WITHOUT_VIOLATIONS",
         "name": "Completed without violations",
         "priority": 5,
         "type": "COMPLETED_WITHOUT_VIOLATIONS",
         "subStatusDefinitions": [
            {
               "id": "COMPLETED",
               "name": "Completed",
               "priority": 1,
               "type": "COMPLETED"
            }
         ]
      },
      {
         "id": "COMPLETED_WITH_VIOLATIONS",
         "name": "Completed with violations",
         "priority": 4,
         "type": "COMPLETED_WITH_VIOLATIONS",
         "subStatusDefinitions": [
            {
               "id": "COMPLETED_WITH_TIME_VIOLATIONS",
               "name": "Completed with time violations",
               "priority": 1,
               "type": "COMPLETED_WITH_TIME_VIOLATIONS"
            }
         ]
      }
   ],
   "scenarioTargetConfiguration": {
      "targetDefinition": {
         "type": "CONSTANT",
         "target": {
            "value": 5184000
         }
      },
      "threshold": 80
   },
   "correlation": [],
   "scenarioStateDefinitions": [
      {
         "id": "OPEN",
         "name": "Open"
      },
      {
         "id": "COMPLETED",
         "name": "Completed"
      },
      {
         "id": "ABRUPTEND",
         "name": "Abruptly Ended"
      }
   ],
   "attributes": {
      "context": [
         {
            "id": "businesskey",
            "processDefinitionId": "onboard",
            "attributePath": "businesskey",
            "attributeName": "Business Key",
            "aggregationRole": "DIMENSION",
            "aggregationType": null,
            "referencedAttributes": null,
            "dataType": "String"
         },
         {
            "id": "costCenter",
            "processDefinitionId": "onboard",
            "attributePath": "costCenter",
            "attributeName": "Cost Center",
            "aggregationRole": "DIMENSION",
            "aggregationType": null,
            "referencedAttributes": null,
            "dataType": "String"
         },
         {
            "id": "jobTitle",
            "processDefinitionId": "onboard",
            "attributePath": "jobTitle",
            "attributeName": "Job Title",
            "aggregationRole": "DIMENSION",
            "aggregationType": null,
            "referencedAttributes": null,
            "dataType": "String"
         },
         {
            "id": "division",
            "processDefinitionId": "onboard",
            "attributePath": "division",
            "attributeName": "Division",
            "aggregationRole": "DIMENSION",
            "aggregationType": null,
            "referencedAttributes": null,
            "dataType": "String"
         },
         {
            "id": "country",
            "processDefinitionId": "onboard",
            "attributePath": "country",
            "attributeName": "Country",
            "aggregationRole": "DIMENSION",
            "aggregationType": null,
            "referencedAttributes": null,
            "dataType": "String"
         }
      ],
      "default": [
         {
            "id": "SC_State",
            "processDefinitionId": null,
            "attributePath": "state",
            "attributeName": "State",
            "aggregationRole": "DIMENSION",
            "aggregationType": null,
            "referencedAttributes": null,
            "dataType": "String"
         },
         {
            "id": "SC_Status",
            "processDefinitionId": null,
            "attributePath": "status",
            "attributeName": "Status",
            "aggregationRole": "DIMENSION",
            "aggregationType": null,
            "referencedAttributes": [
               "SC_State",
               "SC_Start_Time",
               "SC_End_Time",
               "SC_Elapsed_Time"
            ],
            "dataType": "String"
         },
         {
            "id": "SC_SubStatus",
            "processDefinitionId": null,
            "attributePath": "subStatus",
            "attributeName": "SubStatus",
            "aggregationRole": "DIMENSION",
            "aggregationType": null,
            "referencedAttributes": [
               "SC_State",
               "SC_Start_Time",
               "SC_End_Time",
               "SC_Elapsed_Time"
            ],
            "dataType": "String"
         },
         {
            "id": "SC_Number_Of_Instances",
            "processDefinitionId": null,
            "attributePath": "noOfInstances",
            "attributeName": "Number of Instances",
            "aggregationRole": "MEASURE",
            "aggregationType": "SUM",
            "referencedAttributes": null,
            "dataType": "Integer"
         },
         {
            "id": "SC_Start_Time",
            "processDefinitionId": null,
            "attributePath": "startTime",
            "attributeName": "Start Time",
            "aggregationRole": "DIMENSION",
            "aggregationType": null,
            "referencedAttributes": null,
            "dataType": "Timestamp"
         },
         {
            "id": "SC_End_Time",
            "processDefinitionId": null,
            "attributePath": "endTime",
            "attributeName": "End Time",
            "aggregationRole": "DIMENSION",
            "aggregationType": null,
            "referencedAttributes": null,
            "dataType": "Timestamp"
         },
         {
            "id": "SC_Elapsed_Time",
            "processDefinitionId": null,
            "attributePath": "elapsedTime",
            "attributeName": "Elapsed Time",
            "aggregationRole": "MEASURE",
            "aggregationType": "AVG",
            "referencedAttributes": [
               "SC_Start_Time",
               "SC_End_Time"
            ],
            "dataType": "Duration",
            "unitDefinition": {
               "type": "CONSTANT",
               "unit": {
                  "value": "Days"
               }
            }
         },
         {
            "id": "SC_Target_Time",
            "processDefinitionId": null,
            "attributePath": "targetTime",
            "attributeName": "Target Time",
            "aggregationRole": "DIMENSION",
            "aggregationType": null,
            "referencedAttributes": [
               "SC_Start_Time"
            ],
            "dataType": "Timestamp"
         },
         {
            "id": "SC_Threshold_Time",
            "processDefinitionId": null,
            "attributePath": "thresholdTime",
            "attributeName": "Threshold Time",
            "aggregationRole": "DIMENSION",
            "aggregationType": null,
            "referencedAttributes": [
               "SC_Start_Time"
            ],
            "dataType": "Timestamp"
         },
         {
            "id": "SC_Active_Phases",
            "processDefinitionId": null,
            "attributePath": "activePhases",
            "attributeName": "Active Phases",
            "aggregationRole": "DIMENSION",
            "aggregationType": null,
            "referencedAttributes": null,
            "dataType": "String"
         }
      ],
      "calculated": [
         {
            "id": "TimeTakentoApproveEquipment",
            "processDefinitionId": null,
            "attributePath": "TimeTakentoApproveEquipment",
            "attributeName": "Time Taken to Approve Equipment",
            "aggregationRole": "MEASURE",
            "aggregationType": "AVG",
            "referencedAttributes": null,
            "dataType": "Duration",
            "expressionDefinition": {
               "expressionTemplate": "DURATION_BETWEEN_EVENTS",
               "expression": {
                  "startEvent": "onboard_usertask2_TO.Workflow.TaskCreated_1",
                  "endEvent": "onboard_usertask2_TO.Workflow.TaskCompleted_1"
               }
            },
            "unitDefinition": {
               "type": "CONSTANT",
               "unit": {
                  "value": "Days"
               }
            }
         }
      ]
   },
   "phases": [
      {
         "id": "ConfirmEquipment",
         "name": "Confirm Equipment",
         "order": 1,
         "lifeCycleConfiguration": {
            "startEvents": [
               "onboard_startevent1_TO.Workflow.Started_1",
               "onboard_startevent1_TO.Workflow.Started_1",
               "onboard_startevent1_TO.Workflow.Started_1",
               "onboard_startevent1_TO.Workflow.Started_1",
               "onboard_startevent1_TO.Workflow.Started_1",
               "onboard_startevent1_TO.Workflow.Started_1",
               "onboard_startevent1_TO.Workflow.Started_1",
               "onboard_startevent1_TO.Workflow.Started_1",
               "onboard_startevent1_TO.Workflow.Started_1",
               "onboard_startevent1_TO.Workflow.Started_1",
               "onboard_startevent1_TO.Workflow.Started_1",
               "onboard_startevent1_TO.Workflow.Started_1",
               "onboard_startevent1_TO.Workflow.Started_1",
               "onboard_startevent1_TO.Workflow.Started_1",
               "onboard_startevent1_TO.Workflow.Started_1",
               "onboard_startevent1_TO.Workflow.Started_1",
               "onboard_startevent1_TO.Workflow.Started_1",
               "onboard_startevent1_TO.Workflow.Started_1",
               "onboard_startevent1_TO.Workflow.Started_1",
               "onboard_startevent1_TO.Workflow.Started_1",
               "onboard_startevent1_TO.Workflow.Started_1",
               "onboard_startevent1_TO.Workflow.Started_1",
               "onboard_startevent1_TO.Workflow.Started_1",
               "onboard_startevent1_TO.Workflow.Started_1",
               "onboard_startevent1_TO.Workflow.Started_1",
               "onboard_startevent1_TO.Workflow.Started_1",
               "onboard_startevent1_TO.Workflow.Started_1",
               "onboard_startevent1_TO.Workflow.Started_1",
               "onboard_startevent1_TO.Workflow.Started_1",
               "onboard_startevent1_TO.Workflow.Started_1",
               "onboard_startevent1_TO.Workflow.Started_1",
               "onboard_startevent1_TO.Workflow.Started_1",
               "onboard_startevent1_TO.Workflow.Started_1",
               "onboard_startevent1_TO.Workflow.Started_1",
               "onboard_startevent1_TO.Workflow.Started_1",
               "onboard_startevent1_TO.Workflow.Started_1",
               "onboard_startevent1_TO.Workflow.Started_1",
               "onboard_startevent1_TO.Workflow.Started_1",
               "onboard_startevent1_TO.Workflow.Started_1",
               "onboard_startevent1_TO.Workflow.Started_1"
            ],
            "endEvents": [
               "onboard_usertask1_TO.Workflow.TaskCompleted_1",
               "onboard_usertask1_TO.Workflow.TaskCompleted_1",
               "onboard_usertask1_TO.Workflow.TaskCompleted_1",
               "onboard_usertask1_TO.Workflow.TaskCompleted_1",
               "onboard_usertask1_TO.Workflow.TaskCompleted_1",
               "onboard_usertask1_TO.Workflow.TaskCompleted_1",
               "onboard_usertask1_TO.Workflow.TaskCompleted_1",
               "onboard_usertask1_TO.Workflow.TaskCompleted_1",
               "onboard_usertask1_TO.Workflow.TaskCompleted_1",
               "onboard_usertask1_TO.Workflow.TaskCompleted_1",
               "onboard_usertask1_TO.Workflow.TaskCompleted_1",
               "onboard_usertask1_TO.Workflow.TaskCompleted_1",
               "onboard_usertask1_TO.Workflow.TaskCompleted_1",
               "onboard_usertask1_TO.Workflow.TaskCompleted_1",
               "onboard_usertask1_TO.Workflow.TaskCompleted_1",
               "onboard_usertask1_TO.Workflow.TaskCompleted_1",
               "onboard_usertask1_TO.Workflow.TaskCompleted_1",
               "onboard_usertask1_TO.Workflow.TaskCompleted_1",
               "onboard_usertask1_TO.Workflow.TaskCompleted_1",
               "onboard_usertask1_TO.Workflow.TaskCompleted_1",
               "onboard_usertask1_TO.Workflow.TaskCompleted_1",
               "onboard_usertask1_TO.Workflow.TaskCompleted_1",
               "onboard_usertask1_TO.Workflow.TaskCompleted_1",
               "onboard_usertask1_TO.Workflow.TaskCompleted_1",
               "onboard_usertask1_TO.Workflow.TaskCompleted_1",
               "onboard_usertask1_TO.Workflow.TaskCompleted_1",
               "onboard_usertask1_TO.Workflow.TaskCompleted_1",
               "onboard_usertask1_TO.Workflow.TaskCompleted_1",
               "onboard_usertask1_TO.Workflow.TaskCompleted_1",
               "onboard_usertask1_TO.Workflow.TaskCompleted_1",
               "onboard_usertask1_TO.Workflow.TaskCompleted_1",
               "onboard_usertask1_TO.Workflow.TaskCompleted_1",
               "onboard_usertask1_TO.Workflow.TaskCompleted_1",
               "onboard_usertask1_TO.Workflow.TaskCompleted_1",
               "onboard_usertask1_TO.Workflow.TaskCompleted_1",
               "onboard_usertask1_TO.Workflow.TaskCompleted_1",
               "onboard_usertask1_TO.Workflow.TaskCompleted_1",
               "onboard_usertask1_TO.Workflow.TaskCompleted_1",
               "onboard_usertask1_TO.Workflow.TaskCompleted_1",
               "onboard_usertask1_TO.Workflow.TaskCompleted_1"
            ]
         }
      },
      {
         "id": "ApproveEquipment",
         "name": "Approve Equipment",
         "order": 2,
         "lifeCycleConfiguration": {
            "startEvents": [
               "onboard_usertask1_TO.Workflow.TaskCompleted_1"
            ],
            "endEvents": [
               "onboard_usertask2_TO.Workflow.TaskCompleted_1"
            ]
         }
      },
      {
         "id": "AcceptWorkplace",
         "name": "Accept Workplace",
         "order": 3,
         "lifeCycleConfiguration": {
            "startEvents": [
               "onboard_usertask2_TO.Workflow.TaskCompleted_1"
            ],
            "endEvents": [
               "onboard_usertask3_TO.Workflow.TaskCompleted_1"
            ]
         }
      }
   ],
   "uiConfiguration": {
      "attributes": [
         {
            "id": "SC_Status",
            "showInListView": true,
            "order": 1
         },
         {
            "id": "costCenter",
            "showInListView": true,
            "order": 3
         },
         {
            "id": "jobTitle",
            "showInListView": true,
            "order": 4
         },
         {
            "id": "division",
            "showInListView": true,
            "order": 5
         },
         {
            "id": "country",
            "showInListView": true,
            "order": 6
         }
      ],
      "ppis": [
         {
            "id": "OpenInstancesByStatus",
            "title": "Open Onboardees",
            "subTitle": "by Status",
            "measure": "SC_Number_Of_Instances",
            "dimensions": [
               "SC_Status"
            ],
            "cardType": "LIST",
            "chartType": "BAR",
            "filter": [
               {
                  "attribute": "SC_State",
                  "operator": "EQ",
                  "value": "Open"
               }
            ]
         },
         {
            "id": "OpenInstancesbyPhases",
            "title": "Open Onboardee",
            "subTitle": "by Phase",
            "measure": "SC_Number_Of_Instances",
            "dimensions": [
               "SC_Active_Phases"
            ],
            "cardType": "LIST",
            "chartType": "BAR",
            "filter": [
               {
                  "attribute": "SC_State",
                  "operator": "EQ",
                  "value": "Open"
               }
            ]
         },
         {
            "id": "CompletedInstancesByStatus",
            "title": "Completed Onboardees",
            "subTitle": "by Status",
            "measure": "SC_Number_Of_Instances",
            "dimensions": [
               "SC_Status"
            ],
            "cardType": "ANALYTICAL",
            "chartType": "DONUT",
            "filter": [
               {
                  "attribute": "SC_State",
                  "operator": "NE",
                  "value": "Open"
               }
            ]
         },
         {
            "id": "CycleTime",
            "title": "Onboarding Cycle Time",
            "subTitle": "in Days",
            "measure": "SC_Elapsed_Time",
            "dimensions": [
               "country"
            ],
            "cardType": "ANALYTICAL",
            "chartType": "DONUT",
            "filter": [
               {
                  "attribute": "SC_State",
                  "operator": "EQ",
                  "value": "Completed"
               }
            ]
         },
         {
            "id": "SuspendedInstances_Generated",
            "title": "Onboardings Suspended",
            "subTitle": "",
            "measure": "SC_Number_Of_Instances",
            "cardType": "ANALYTICAL",
            "filter": [
               {
                  "attribute": "SC_SubStatus",
                  "operator": "EQ",
                  "value": "Workflow Suspended"
               }
            ]
         },
         {
            "id": "CancelledInstances_Generated",
            "title": "Onboardings Cancelled",
            "subTitle": "",
            "measure": "SC_Number_Of_Instances",
            "cardType": "ANALYTICAL",
            "filter": [
               {
                  "attribute": "SC_State",
                  "operator": "EQ",
                  "value": "Abruptly Ended"
               }
            ]
         },
         {
            "id": "FailedInstances_Generated",
            "title": "Onboardings Failed",
            "subTitle": "",
            "measure": "SC_Number_Of_Instances",
            "cardType": "ANALYTICAL",
            "filter": [
               {
                  "attribute": "SC_SubStatus",
                  "operator": "EQ",
                  "value": "Workflow Failed"
               }
            ]
         },
         {
            "id": "TimeTakenTOApproveEquipment",
            "title": "Equipment Approval Time",
            "subTitle": "in Days",
            "measure": "TimeTakentoApproveEquipment",
            "cardType": "ANALYTICAL",
            "filter": []
         }
      ]
   }
}