{
	"scenarioId": "DesigntoOperate",
	"scenarioName": "Design to Operate",
	"scenarioDescription": "Visibility on end to end design to operate process",
	"instancesLabel": "Orders",
	"instanceLabel": "Order",
	"processDefinitions": [
		{
			"id": "DESIGN",
			"name": "Design",
			"type": "Observed"
		},
		{
			"id": "MANUFACTURE",
			"name": "Manufacture",
			"type": "Observed"
		},
		{
			"id": "DELIVER",
			"name": "Deliver",
			"type": "Observed"
		}
	],
	"events": [
		{
			"id": "ProjectCreated",
			"eventType": "Project Created",
			"activityDefinitionId": "",
			"processDefinitionId": "DESIGN",
			"eventName": "Project Created"
		},
		{
			"id": "ImpactEvaluationStarted",
			"eventType": "Impact Evaluation Started",
			"processDefinitionId": "DESIGN",
			"eventName": "Impact Evaluation Started"
		},
		{
			"id": "ImpactEvaluationOverdue",
			"eventType": "Impact Evaluation Overdue",
			"processDefinitionId": "DESIGN",
			"eventName": "Impact Evaluation Overdue"
		},
		{
			"id": "EvaluationRequestRejected",
			"eventType": "Evaluation Request Rejected",
			"processDefinitionId": "DESIGN",
			"eventName": "Evaluation Request Rejected"
		},
		{
			"id": "EvalueRequestApprovalOverdue",
			"eventType": "Evalue Request Approval Overdue",
			"processDefinitionId": "DESIGN",
			"eventName": "Evalue Request Approval Overdue"
		},
		{
			"id": "ReworkImpactEvaluationRequest",
			"eventType": "Rework Impact Evaluation Request",
			"processDefinitionId": "DESIGN",
			"eventName": "Rework Impact Evaluation Request"
		},
		{
			"id": "ProductionReleased",
			"eventType": "Production Released",
			"processDefinitionId": "MANUFACTURE",
			"eventName": "Production Released"
		},
		{
			"id": "OrderCancelled",
			"eventType": "Order Cancelled",
			"processDefinitionId": "MANUFACTURE",
			"eventName": "Order Cancelled"
		},
		{
			"id": "ProductionFinished",
			"eventType": "Production Finished",
			"processDefinitionId": "MANUFACTURE",
			"eventName": "Production Finished"
		},
		{
			"id": "ShipmentFinished",
			"eventType": "Shipment Finished",
			"processDefinitionId": "DELIVER",
			"eventName": "Shipment Finished"
		}
	],
	"scenarioLifeCycleConfiguration": {
		"endEvents": [
			"ShipmentFinished"
		],
		"abruptEndEvents": [
			"OrderCancelled",
			"EvaluationRequestRejected"
		]
	},
	"scenarioStatusDefinitions": [
		{
			"id": "CRITICAL",
			"name": "Critical",
			"priority": 1,
			"type": "CRITICAL",
			"subStatusDefinitions": [
				{
					"id": "EvaluationOverdue",
					"name": "Evaluation Overdue",
					"priority": 1,
					"type": "EXPRESSION_BASED",
					"expressionDefinition": {
						"expressionTemplate": "IS_LATEST_OCCURRED_EVENT",
						"expression": {
							"sourceEvent": [
								"ImpactEvaluationOverdue"
							]
						}
					}
				}
			]
		},
		{
			"id": "AT_RISK",
			"name": "At Risk",
			"priority": 2,
			"type": "AT_RISK",
			"subStatusDefinitions": [
				{
					"id": "ApprovalOverdue",
					"name": "Approval Overdue",
					"priority": 1,
					"type": "EXPRESSION_BASED",
					"expressionDefinition": {
						"expressionTemplate": "IS_LATEST_OCCURRED_EVENT",
						"expression": {
							"sourceEvent": [
								"EvalueRequestApprovalOverdue"
							]
						}
					}
				},
				{
					"id": "Rework",
					"name": "Rework",
					"priority": 2,
					"type": "EXPRESSION_BASED",
					"expressionDefinition": {
						"expressionTemplate": "IS_LATEST_OCCURRED_EVENT",
						"expression": {
							"sourceEvent": [
								"ReworkImpactEvaluationRequest"
							]
						}
					}
				}
			]
		},
		{
			"id": "ON_TRACK",
			"name": "On Track",
			"priority": 3,
			"type": "ON_TRACK",
			"subStatusDefinitions": [
				{
					"id": "IN_PROGRESS",
					"name": "On Time",
					"priority": 1,
					"type": "IN_PROGRESS"
				}
			]
		},
		{
			"id": "COMPLETED_WITHOUT_VIOLATIONS",
			"name": "Completed without violation",
			"priority": 5,
			"type": "COMPLETED_WITHOUT_VIOLATIONS",
			"subStatusDefinitions": [
				{
					"id": "COMPLETED",
					"name": "Completed on time",
					"priority": 1,
					"type": "COMPLETED"
				}
			]
		}
	],
	"correlation": [
		{
			"sourceProcessDefinitionId": "DESIGN",
			"sourceContextPath": "CollaborationID",
			"operator": "EQ",
			"targetProcessDefinitionId": "MANUFACTURE",
			"targetContextPath": "CollaborationID"
		},
		{
			"sourceProcessDefinitionId": "MANUFACTURE",
			"sourceContextPath": "CollaborationID",
			"operator": "EQ",
			"targetProcessDefinitionId": "DELIVER",
			"targetContextPath": "CollaborationID"
		}
	],
	"scenarioStateDefinitions": [
		{
			"id": "OPEN",
			"name": "Open"
		},
		{
			"id": "COMPLETED",
			"name": "Completed"
		},
		{
			"id": "ABRUPTEND",
			"name": "Abruptly Ended"
		}
	],
	"attributes": {
		"context": [
			{
				"id": "CollaborationID",
				"processDefinitionId": "DESIGN",
				"attributePath": "CollaborationID",
				"attributeName": "Collaboration ID",
				"aggregationRole": "DIMENSION",
				"aggregationType": null,
				"referencedAttributes": null,
				"dataType": "String"
			},
			{
				"id": "Product",
				"processDefinitionId": "DESIGN",
				"attributePath": "Product",
				"attributeName": "Product",
				"aggregationRole": "DIMENSION",
				"aggregationType": null,
				"referencedAttributes": null,
				"dataType": "String"
			},
			{
				"id": "SalesOrganization",
				"processDefinitionId": "DESIGN",
				"attributePath": "SalesOrganization",
				"attributeName": "Sales Organization",
				"aggregationRole": "DIMENSION",
				"aggregationType": null,
				"referencedAttributes": null,
				"dataType": "String"
			},
			{
				"id": "ProductCategory",
				"processDefinitionId": "DESIGN",
				"attributePath": "ProductCategory",
				"attributeName": "Product Category",
				"aggregationRole": "DIMENSION",
				"aggregationType": null,
				"referencedAttributes": null,
				"dataType": "String"
			},
			{
				"id": "OrderCategory",
				"processDefinitionId": "DESIGN",
				"attributePath": "OrderCategory",
				"attributeName": "Order Category",
				"aggregationRole": "DIMENSION",
				"aggregationType": null,
				"referencedAttributes": null,
				"dataType": "String"
			},
			{
				"id": "CustomerName",
				"processDefinitionId": "DESIGN",
				"attributePath": "CustomerName",
				"attributeName": "Custome Name",
				"aggregationRole": "DIMENSION",
				"aggregationType": null,
				"referencedAttributes": null,
				"dataType": "String"
			},
			{
				"id": "CollaborationID1",
				"processDefinitionId": "MANUFACTURE",
				"attributePath": "CollaborationID",
				"attributeName": "CollaborationID1",
				"aggregationRole": "DIMENSION",
				"aggregationType": null,
				"referencedAttributes": null,
				"dataType": "String"
			},
			{
				"id": "CollaborationID2",
				"processDefinitionId": "DELIVER",
				"attributePath": "CollaborationID",
				"attributeName": "CollaborationID2",
				"aggregationRole": "DIMENSION",
				"aggregationType": null,
				"referencedAttributes": null,
				"dataType": "String"
			}
		],
		"default": [
			{
				"id": "SC_State",
				"processDefinitionId": null,
				"attributePath": "state",
				"attributeName": "State",
				"aggregationRole": "DIMENSION",
				"aggregationType": null,
				"referencedAttributes": null,
				"dataType": "String"
			},
			{
				"id": "SC_Status",
				"processDefinitionId": null,
				"attributePath": "status",
				"attributeName": "Status",
				"aggregationRole": "DIMENSION",
				"aggregationType": null,
				"referencedAttributes": [
					"SC_State",
					"SC_Start_Time",
					"SC_End_Time",
					"SC_Elapsed_Time"
				],
				"dataType": "String"
			},
			{
				"id": "SC_SubStatus",
				"processDefinitionId": null,
				"attributePath": "subStatus",
				"attributeName": "Sub Status",
				"aggregationRole": "DIMENSION",
				"aggregationType": null,
				"referencedAttributes": [
					"SC_State",
					"SC_Start_Time",
					"SC_End_Time",
					"SC_Elapsed_Time"
				],
				"dataType": "String"
			},
			{
				"id": "SC_Number_Of_Instances",
				"processDefinitionId": null,
				"attributePath": "noOfInstances",
				"attributeName": "No of Instances",
				"aggregationRole": "MEASURE",
				"aggregationType": "SUM",
				"referencedAttributes": null,
				"dataType": "Integer"
			},
			{
				"id": "SC_Start_Time",
				"processDefinitionId": null,
				"attributePath": "startTime",
				"attributeName": "Start Time",
				"aggregationRole": "DIMENSION",
				"aggregationType": null,
				"referencedAttributes": null,
				"dataType": "Timestamp"
			},
			{
				"id": "SC_End_Time",
				"processDefinitionId": null,
				"attributePath": "endTime",
				"attributeName": "End Time",
				"aggregationRole": "DIMENSION",
				"aggregationType": null,
				"referencedAttributes": null,
				"dataType": "Timestamp"
			},
			{
				"id": "SC_Elapsed_Time",
				"processDefinitionId": null,
				"attributePath": "elapsedTime",
				"attributeName": "Cycle Time",
				"aggregationRole": "MEASURE",
				"aggregationType": "AVG",
				"referencedAttributes": [
					"SC_Start_Time",
					"SC_End_Time"
				],
				"dataType": "Duration",
				"unitDefinition": {
					"type": "CONSTANT",
					"unit": {
						"value": "Days"
					}
				}
			},
			{
				"id": "SC_Target_Time",
				"processDefinitionId": null,
				"attributePath": "targetTime",
				"attributeName": "Target Time",
				"aggregationRole": "DIMENSION",
				"aggregationType": null,
				"referencedAttributes": [
					"SC_Start_Time"
				],
				"dataType": "Timestamp"
			},
			{
				"id": "SC_Threshold_Time",
				"processDefinitionId": null,
				"attributePath": "thresholdTime",
				"attributeName": "Threshold Time",
				"aggregationRole": "DIMENSION",
				"aggregationType": null,
				"referencedAttributes": [
					"SC_Start_Time"
				],
				"dataType": "Timestamp"
			},
			{
				"id": "SC_Active_Phases",
				"processDefinitionId": null,
				"attributePath": "activePhases",
				"attributeName": "Active Phases",
				"aggregationRole": "DIMENSION",
				"aggregationType": null,
				"referencedAttributes": null,
				"dataType": "String"
			}
		],
		"calculated": [
			{
				"id": "IsRework",
				"processDefinitionId": null,
				"attributePath": "IsRework",
				"attributeName": "IsRework",
				"aggregationRole": "MEASURE",
				"aggregationType": "SUM",
				"referencedAttributes": null,
				"dataType": "Integer",
				"expressionDefinition": {
					"expressionTemplate": "IS_EVENT_OCCURRED",
					"expression": {
						"sourceEvent": "ReworkImpactEvaluationRequest"
					}
				}
			},
			{
				"id": "CRWithoutDesign",
				"processDefinitionId": null,
				"attributePath": "CRWithoutDesign",
				"attributeName": "CR Without Design",
				"aggregationRole": "MEASURE",
				"aggregationType": "SUM",
				"referencedAttributes": null,
				"dataType": "Integer",
				"expressionDefinition": {
					"expressionTemplate": "EVENTA_AND_NOT_EVENTB",
					"expression": {
						"eventA": "ProductionReleased",
						"eventB": "ProjectCreated"
					}
				}
			},
			{
				"id": "NoImpactEvaluation",
				"processDefinitionId": null,
				"attributePath": "NoImpactEvaluation",
				"attributeName": "No Impact Evaluation",
				"aggregationRole": "MEASURE",
				"aggregationType": "SUM",
				"referencedAttributes": null,
				"dataType": "Integer",
				"expressionDefinition": {
					"expressionTemplate": "EVENTA_AND_NOT_EVENTB",
					"expression": {
						"eventA": "ProductionReleased",
						"eventB": "ImpactEvaluationStarted"
					}
				}
			}
		]
	},
	"phases": [
		{
			"id": "Design",
			"name": "Design and Development",
			"order": 1,
			"lifeCycleConfiguration": {
				"startEvents": [
					"ProjectCreated",
					"ProjectCreated",
					"ProjectCreated",
					"ProjectCreated",
					"ProjectCreated",
					"ProjectCreated",
					"ProjectCreated",
					"ProjectCreated",
					"ProjectCreated",
					"ProjectCreated",
					"ProjectCreated",
					"ProjectCreated",
					"ProjectCreated",
					"ProjectCreated",
					"ProjectCreated",
					"ProjectCreated",
					"ProjectCreated",
					"ProjectCreated",
					"ProjectCreated",
					"ProjectCreated",
					"ProjectCreated",
					"ProjectCreated",
					"ProjectCreated",
					"ProjectCreated",
					"ProjectCreated",
					"ProjectCreated",
					"ProjectCreated",
					"ProjectCreated",
					"ProjectCreated",
					"ProjectCreated",
					"ProjectCreated",
					"ProjectCreated",
					"ProjectCreated",
					"ProjectCreated",
					"ProjectCreated",
					"ProjectCreated",
					"ProjectCreated",
					"ProjectCreated",
					"ProjectCreated",
					"ProjectCreated",
					"ProjectCreated",
					"ProjectCreated",
					"ProjectCreated",
					"ProjectCreated",
					"ProjectCreated",
					"ProjectCreated",
					"ProjectCreated",
					"ProjectCreated",
					"ProjectCreated",
					"ProjectCreated",
					"ProjectCreated",
					"ProjectCreated",
					"ProjectCreated",
					"ProjectCreated",
					"ProjectCreated",
					"ProjectCreated",
					"ProjectCreated",
					"ProjectCreated",
					"ProjectCreated",
					"ProjectCreated",
					"ProjectCreated",
					"ProjectCreated",
					"ProjectCreated",
					"ProjectCreated"
				],
				"endEvents": [
					"ProductionReleased",
					"ProductionReleased",
					"ProductionReleased",
					"ProductionReleased",
					"ProductionReleased",
					"ProductionReleased",
					"ProductionReleased",
					"ProductionReleased",
					"ProductionReleased",
					"ProductionReleased",
					"ProductionReleased",
					"ProductionReleased",
					"ProductionReleased",
					"ProductionReleased",
					"ProductionReleased",
					"ProductionReleased",
					"ProductionReleased",
					"ProductionReleased",
					"ProductionReleased",
					"ProductionReleased",
					"ProductionReleased",
					"ProductionReleased",
					"ProductionReleased",
					"ProductionReleased",
					"ProductionReleased",
					"ProductionReleased",
					"ProductionReleased",
					"ProductionReleased",
					"ProductionReleased",
					"ProductionReleased",
					"ProductionReleased",
					"ProductionReleased",
					"ProductionReleased",
					"ProductionReleased",
					"ProductionReleased",
					"ProductionReleased",
					"ProductionReleased",
					"ProductionReleased",
					"ProductionReleased",
					"ProductionReleased",
					"ProductionReleased",
					"ProductionReleased",
					"ProductionReleased",
					"ProductionReleased",
					"ProductionReleased",
					"ProductionReleased",
					"ProductionReleased",
					"ProductionReleased",
					"ProductionReleased",
					"ProductionReleased",
					"ProductionReleased",
					"ProductionReleased",
					"ProductionReleased",
					"ProductionReleased",
					"ProductionReleased",
					"ProductionReleased",
					"ProductionReleased",
					"ProductionReleased",
					"ProductionReleased",
					"ProductionReleased",
					"ProductionReleased",
					"ProductionReleased",
					"ProductionReleased",
					"ProductionReleased"
				]
			}
		},
		{
			"id": "Manufacture",
			"name": "Manufacture",
			"order": 2,
			"lifeCycleConfiguration": {
				"startEvents": [
					"ProductionReleased"
				],
				"endEvents": [
					"ProductionFinished"
				]
			}
		},
		{
			"id": "Delivery",
			"name": "Delivery",
			"order": 3,
			"lifeCycleConfiguration": {
				"startEvents": [
					"ProductionFinished"
				],
				"endEvents": [
					"ShipmentFinished"
				]
			}
		}
	],
	"uiConfiguration": {
		"attributes": [
			{
				"id": "SC_State",
				"showInListView": false,
				"order": 1
			},
			{
				"id": "SC_Status",
				"showInListView": true,
				"order": 1
			},
			{
				"id": "CustomerName",
				"showInListView": true,
				"order": 2
			},
			{
				"id": "OrderCategory",
				"showInListView": true,
				"order": 3
			},
			{
				"id": "Product",
				"showInListView": true,
				"order": 4
			},
			{
				"id": "ProductCategory",
				"showInListView": true,
				"order": 5
			},
			{
				"id": "SalesOrganization",
				"showInListView": true,
				"order": 6
			},
			{
				"id": "IsRework",
				"showInListView": false,
				"order": 7
			},
			{
				"id": "CRWithoutDesign",
				"showInListView": false,
				"order": 8
			}
		],
		"ppis": [
			{
				"id": "OpenOrdersByStatus",
				"title": "Open Orders",
				"subTitle": "By Status",
				"measure": "SC_Number_Of_Instances",
				"dimensions": [
					"SC_Status"
				],
				"cardType": "LIST",
				"chartType": "BAR",
				"filter": [
					{
						"attribute": "SC_State",
						"operator": "EQ",
						"value": "OPEN"
					}
				]
			},
			{
				"id": "OpenOrdersByPhase",
				"title": "Open Orders",
				"subTitle": "By Phase",
				"measure": "SC_Number_Of_Instances",
				"dimensions": [
					"SC_Active_Phases"
				],
				"cardType": "LIST",
				"chartType": "BAR",
				"filter": [
					{
						"attribute": "SC_State",
						"operator": "EQ",
						"value": "OPEN"
					}
				]
			},
			{
				"id": "OpenOrdersbyProductCategory",
				"title": "Open Orders by Product Category",
				"subTitle": "By Product Category",
				"measure": "SC_Number_Of_Instances",
				"dimensions": [
					"ProductCategory"
				],
				"cardType": "LIST",
				"chartType": "BAR",
				"filter": [
					{
						"attribute": "SC_State",
						"operator": "EQ",
						"value": "OPEN"
					}
				]
			},
			{
				"id": "CycleTime",
				"title": "Cycle Time",
				"subTitle": "By Product Category",
				"measure": "SC_Elapsed_Time",
				"dimensions": [
					"ProductCategory"
				],
				"cardType": "ANALYTICAL",
				"chartType": "DONUT",
				"filter": [
					{
						"attribute": "SC_State",
						"operator": "EQ",
						"value": "Completed"
					}
				]
			},
			{
				"id": "OrderswithDesignRework",
				"title": "Orders with Design Rework",
				"subTitle": "by Order Category",
				"measure": "SC_Number_Of_Instances",
				"dimensions": [
					"OrderCategory"
				],
				"cardType": "LIST",
				"filter": [
					{
						"attribute": "IsRework",
						"operator": "EQ",
						"value": "1"
					}
				]
			},
			{
				"id": "CompletedOrders",
				"title": "Completed Orders",
				"subTitle": "by Status",
				"measure": "SC_Number_Of_Instances",
				"dimensions": [
					"SC_SubStatus"
				],
				"cardType": "ANALYTICAL",
				"chartType": "DONUT",
				"filter": [
					{
						"attribute": "SC_State",
						"operator": "NE",
						"value": "OPEN"
					}
				]
			},
			{
				"id": "OrderswithoutDesignEvaluation",
				"title": "Orders without Design Evaluation",
				"subTitle": "",
				"measure": "SC_Number_Of_Instances",
				"cardType": "ANALYTICAL",
				"filter": [
					{
						"attribute": "NoImpactEvaluation",
						"operator": "EQ",
						"value": "1"
					}
				]
			},
			{
				"id": "CycleTimewithoutDesignEvaluation",
				"title": "Cycle Time without Design Evaluation",
				"subTitle": "in Days",
				"measure": "SC_Elapsed_Time",
				"cardType": "ANALYTICAL",
				"filter": [
					{
						"attribute": "NoImpactEvaluation",
						"operator": "EQ",
						"value": "0"
					}
				]
			}
		]
	}
}